"","X","stationid","Year","Month","Aqstime","Sate_AOD","AERONET_AOD"
"2233",2233,70,2012,2,"2012-02-28 14:00:00",0.175000008312,0.168433109244
"2234",2234,70,2012,3,"2012-03-01 13:50:00",0.106000005035,0.066131769966
"2235",2235,70,2012,3,"2012-03-16 13:05:00",0.413000019616,0.209703098098
"2236",2236,70,2012,4,"2012-04-07 14:10:00",0.162000007695,0.0951328949737
"2237",2237,70,2012,4,"2012-04-11 13:45:00",0.243500011566,0.110625403803
"2238",2238,70,2012,4,"2012-04-12 12:50:00",0.120500005723,0.122990188642
"2239",2239,70,2012,4,"2012-04-23 14:10:00",0.157000007457,0.0842020197982
"2240",2240,70,2012,4,"2012-04-24 13:15:00",0.355000016862,0.079084227541
"2241",2241,70,2012,4,"2012-04-25 13:55:00",0.270000012824,0.138858308775
"2242",2242,70,2012,6,"2012-06-11 13:15:00",0.190000009025,0.150711980798
"2243",2243,70,2012,6,"2012-06-25 13:25:00",0.474000022514,0.233141679841
"2244",2244,70,2012,11,"2012-11-18 13:10:00",0.138000006555,0.0882957301314
"2245",2245,70,2012,12,"2012-12-06 13:00:00",0.409000019426,0.153239635871
"2246",2246,70,2012,12,"2012-12-17 12:40:00",1.26300005999,0.109603538087
"2247",2247,70,2013,1,"2013-01-16 12:55:00",0.363000017242,0.377996529447
"2248",2248,70,2013,1,"2013-01-24 13:45:00",0.566500026907,0.295148625281
"2249",2249,70,2013,1,"2013-01-26 13:30:00",0.485000023036,0.434369694624
"2250",2250,70,2013,1,"2013-01-28 13:20:00",0.207000009832,0.209195516275
"2251",2251,70,2013,1,"2013-01-29 14:00:00",0.344000016339,0.392351950291
"2252",2252,70,2013,1,"2013-01-30 13:05:00",0.10800000513,0.0912247455513
"2253",2253,70,2013,1,"2013-01-31 13:50:00",0.190000009025,0.11440595682
"2254",2254,70,2013,2,"2013-02-01 12:55:00",0.423000020091,0.211484238812
"2255",2255,70,2013,2,"2013-02-09 13:45:00",0.230000010924,0.153796735684
"2256",2256,70,2013,2,"2013-02-14 14:00:00",0.201000009547,0.103097870679
"2257",2257,70,2013,3,"2013-03-05 12:55:00",0.396000018809,0.265751677716
"2258",2258,70,2013,3,"2013-03-10 13:15:00",0.85100004042,0.56282657546
"2259",2259,70,2013,3,"2013-03-24 13:25:00",0.772000036668,0.337633385205
"2260",2260,70,2013,3,"2013-03-25 14:10:00",0.558000026504,0.709490655759
"2261",2261,70,2013,3,"2013-03-26 13:15:00",0.758000036003,0.382062887817
"2262",2262,70,2013,3,"2013-03-27 13:55:00",0.185000008787,0.187564348759
"2263",2263,70,2013,3,"2013-03-29 13:45:00",0.133500006341,0.0861790991623
"2264",2264,70,2013,3,"2013-03-30 12:50:00",0.216500010283,0.186843750473
"2265",2265,70,2013,3,"2013-03-31 13:30:00",0.638500030327,0.155932998588
"2266",2266,70,2013,4,"2013-04-15 12:50:00",0.246000011684,0.211922881958
"2267",2267,70,2013,4,"2013-04-16 13:30:00",0.18000000855,0.163225918456
"2268",2268,70,2013,4,"2013-04-19 14:05:00",0.399000018951,0.295631982422
"2269",2269,70,2013,5,"2013-05-01 12:50:00",0.129000006127,0.0420501602591
"2270",2270,70,2013,5,"2013-05-14 13:55:00",0.1600000076,0.0950508452836
"2271",2271,70,2013,5,"2013-05-27 13:25:00",0.275000013062,0.065048254919
"2272",2272,70,2014,2,"2014-02-27 13:00:00",0.178000008455,0.137731839276
"2273",2273,70,2014,2,"2014-02-28 13:45:00",0.238000011304,0.141717219791
"2274",2274,70,2014,3,"2014-03-02 13:30:00",0.326500015508,0.472910157783
"2275",2275,70,2014,3,"2014-03-04 13:20:00",0.363000017242,0.218195584905
"2276",2276,70,2014,3,"2014-03-08 12:55:00",0.431000020471,0.267974719155
"2277",2277,70,2014,3,"2014-03-12 14:10:00",0.437000020756,0.242991086404
"2278",2278,70,2014,3,"2014-03-13 13:15:00",0.484500023013,0.335426756575
"2279",2279,70,2014,3,"2014-03-15 13:00:00",0.157000007457,0.143705986614
"2280",2280,70,2014,3,"2014-03-17 12:50:00",0.303000014392,0.158743301906
"2281",2281,70,2014,3,"2014-03-22 13:05:00",0.507000024081,0.341556284935
"2282",2282,70,2014,3,"2014-03-29 13:15:00",0.334000015864,0.105866801293
"2283",2283,70,2014,3,"2014-03-30 13:55:00",0.17200000817,0.253847229869
"2284",2284,70,2014,3,"2014-03-31 13:00:00",0.282000013394,0.0776603701139
"2285",2285,70,2014,4,"2014-04-01 13:45:00",1.21100005752,0.367436615689
"2286",2286,70,2014,4,"2014-04-03 13:30:00",0.134000006365,0.0923365773987
"2287",2287,70,2014,4,"2014-04-08 13:50:00",0.201000009547,0.24428169383
"2288",2288,70,2014,4,"2014-04-13 14:10:00",0.305000014487,0.256368381871
"2289",2289,70,2014,4,"2014-04-21 13:20:00",0.478000022704,0.262689883599
"2290",2290,70,2014,4,"2014-04-22 14:00:00",0.344000016339,0.273958538792
"2291",2291,70,2014,4,"2014-04-23 13:05:00",0.370000017574,0.181144673172
"2292",2292,70,2014,4,"2014-04-24 13:50:00",0.14800000703,0.104038071638
"2293",2293,70,2014,4,"2014-04-26 13:40:00",0.146000006935,0.151856378408
"2294",2294,70,2014,5,"2014-05-04 12:50:00",0.122500005818,0.138611373254
"2295",2295,70,2014,5,"2014-05-05 13:30:00",0.118000005605,0.115751983395
"2296",2296,70,2014,5,"2014-05-10 13:50:00",0.0910000043223,0.0815620857341
"2297",2297,70,2014,7,"2014-07-01 13:25:00",0.14400000684,0.0649388241609
"2298",2298,70,2015,1,"2015-01-30 13:45:00",0.747500035504,0.67229616748
"2299",2299,70,2015,1,"2015-01-31 12:50:00",0.398000018904,0.28706794015
"2300",2300,70,2015,2,"2015-02-01 13:30:00",0.260000012349,0.133546680353
"2301",2301,70,2015,2,"2015-02-06 13:50:00",0.307000014582,0.185135027576
"2302",2302,70,2015,2,"2015-02-22 13:50:00",0.0970000046073,0.096105005756
"2303",2303,70,2015,2,"2015-02-23 12:55:00",0.203000009642,0.321706579375
"2304",2304,70,2015,3,"2015-03-02 13:00:00",0.236500011233,0.138016568389
"2305",2305,70,2015,3,"2015-03-04 12:50:00",0.626500029757,0.932087542192
"2306",2306,70,2015,3,"2015-03-05 13:30:00",0.479000022751,0.446571926694
"2307",2307,70,2015,3,"2015-03-07 13:20:00",0.618000029353,0.359939128096
"2308",2308,70,2015,3,"2015-03-16 13:15:00",0.495000023511,0.322657124328
"2309",2309,70,2015,3,"2015-03-18 13:00:00",0.779500037024,0.567450214831
"2310",2310,70,2015,3,"2015-03-19 13:45:00",0.908000043128,0.95752880898
"2311",2311,70,2015,3,"2015-03-20 12:50:00",0.840000039898,0.799420193941
"2312",2312,70,2015,3,"2015-03-23 13:20:00",0.682500032417,0.343265989727
"2313",2313,70,2015,3,"2015-03-24 14:00:00",0.273500012991,0.254578765781
"2314",2314,70,2015,3,"2015-03-25 13:05:00",0.330000015674,0.20243344152
"2315",2315,70,2015,3,"2015-03-27 12:55:00",0.414000019664,0.23098840514
"2316",2316,70,2015,4,"2015-04-01 13:15:00",0.690000032773,0.429904079081
"2317",2317,70,2015,4,"2015-04-02 13:55:00",0.537000025506,0.499742896666
"2318",2318,70,2015,4,"2015-04-04 13:45:00",0.185000008787,0.294791491529
"2319",2319,70,2015,4,"2015-04-05 12:50:00",0.101000004797,0.118124947791
"2320",2320,70,2015,4,"2015-04-06 13:30:00",0.0980000046548,0.176318583423
"2321",2321,70,2015,4,"2015-04-09 14:00:00",0.415000019711,0.29687706381
"2322",2322,70,2015,4,"2015-04-09 14:05:00",0.543500025815,0.29687706381
"2323",2323,70,2015,4,"2015-04-15 13:25:00",0.647000030731,0.305866820063
"2324",2324,70,2015,4,"2015-04-18 13:55:00",0.267000012682,0.384573798397
"2325",2325,70,2015,4,"2015-04-19 13:00:00",0.702000033343,0.390515307028
"2326",2326,70,2015,4,"2015-04-20 13:45:00",0.248000011779,0.431052352741
"2327",2327,70,2015,4,"2015-04-29 13:40:00",0.813000038615,0.248409951106
"2328",2328,70,2015,5,"2015-05-01 13:25:00",0.780500037072,0.251911505585
"2329",2329,70,2015,5,"2015-05-04 13:55:00",0.388000018429,0.200055245044
"2330",2330,70,2015,5,"2015-05-05 13:00:00",0.348000016529,0.296457601934
"2331",2331,70,2015,5,"2015-05-06 13:45:00",0.0860000040848,0.0972623999348
"2332",2332,70,2015,5,"2015-05-12 13:10:00",0.526500025007,0.16667822048
"2333",2333,70,2015,5,"2015-05-15 13:40:00",0.0650000030873,0.0830669947615
"2334",2334,70,2015,5,"2015-05-16 12:45:00",0.232500011043,0.175096557278
"2335",2335,70,2015,5,"2015-05-18 14:10:00",0.197500009381,0.130433439636
"2336",2336,70,2015,5,"2015-05-19 13:15:00",0.276000013109,0.127427629909
"2337",2337,70,2015,5,"2015-05-29 13:50:00",0.446000021184,0.114693227245
"2338",2338,70,2015,6,"2015-06-04 13:15:00",0.264000012539,0.0935248947134
"2339",2339,70,2015,6,"2015-06-29 13:05:00",0.472000022419,0.30099971375
"2340",2340,70,2015,7,"2015-07-22 13:15:00",0.258500012278,0.0997570814705
"2341",2341,70,2015,7,"2015-07-24 13:00:00",0.129000006127,0.0848335447052
"2342",2342,70,2015,8,"2015-08-15 14:00:00",0.13200000627,0.0966680018474
"2343",2343,70,2015,8,"2015-08-27 12:50:00",0.162000007695,0.0770003651655
"2344",2344,71,2012,2,"2012-02-25 13:35:00",1.04300004954,1.14183512383
"2345",2345,71,2012,3,"2012-03-06 12:35:00",1.179000056,1.03948828971
"2346",2346,71,2012,4,"2012-04-01 13:10:00",1.34200006374,1.14833976106
"2347",2347,71,2012,4,"2012-04-20 13:40:00",0.720000034198,1.20246864654
"2348",2348,71,2012,4,"2012-04-24 13:15:00",0.600500028522,0.552714855242
"2349",2349,71,2012,4,"2012-04-25 14:00:00",0.352000016719,0.386102749844
"2350",2350,71,2012,4,"2012-04-26 13:05:00",0.87500004156,0.867945886065
"2351",2351,71,2012,5,"2012-05-01 13:20:00",0.328000015579,0.315598035717
"2352",2352,71,2012,5,"2012-05-03 13:10:00",0.540000025649,0.557165444237
"2353",2353,71,2012,5,"2012-05-04 13:55:00",0.601000028546,0.563926660753
"2354",2354,71,2012,5,"2012-05-16 12:40:00",0.333000015817,0.300339641889
"2355",2355,71,2012,6,"2012-06-17 12:40:00",2.08300009894,1.64432326559
"2356",2356,71,2012,6,"2012-06-18 13:20:00",1.88350008946,2.36024130698
"2357",2357,71,2012,8,"2012-08-03 13:35:00",0.655000031111,0.588792540994
"2358",2358,71,2012,8,"2012-08-04 12:40:00",0.769000036526,0.479775211582
"2359",2359,71,2012,8,"2012-08-29 12:35:00",0.487000023131,1.26411085569
"2360",2360,71,2012,9,"2012-09-02 13:45:00",0.284000013489,0.168954747603
"2361",2361,71,2012,9,"2012-09-29 13:25:00",1.03500004916,1.00628658074
"2362",2362,71,2012,9,"2012-09-29 13:30:00",0.821000038995,1.00628658074
"2363",2363,71,2012,9,"2012-09-30 12:30:00",0.87500004156,0.601458127061
"2364",2364,71,2012,9,"2012-09-30 12:35:00",0.850000040373,0.611206619903
"2365",2365,71,2012,10,"2012-10-01 13:15:00",0.693000032916,0.437691263035
"2366",2366,71,2012,10,"2012-10-11 13:50:00",1.02000004845,1.13094171588
"2367",2367,71,2012,10,"2012-10-23 12:40:00",0.800000037998,1.43423290264
"2368",2368,71,2012,10,"2012-10-31 13:25:00",0.549000026076,0.398107061815
"2369",2369,71,2012,11,"2012-11-01 12:30:00",0.651500030945,0.518887718667
"2370",2370,71,2012,11,"2012-11-01 12:35:00",0.551000026171,0.518887718667
"2371",2371,71,2012,11,"2012-11-08 12:40:00",0.320000015199,0.188698122612
"2372",2372,71,2012,11,"2012-11-12 13:50:00",0.504500023962,0.451253986849
"2373",2373,71,2012,12,"2012-12-06 13:05:00",0.56150002667,0.516874622927
"2374",2374,71,2012,12,"2012-12-15 12:55:00",0.306500014558,0.517553588742
"2375",2375,71,2012,12,"2012-12-15 13:00:00",0.406000019284,0.517553588742
"2376",2376,71,2012,12,"2012-12-16 13:40:00",0.436500020733,0.550186066156
"2377",2377,71,2013,2,"2013-02-23 14:00:00",0.577000027406,0.458410443623
"2378",2378,71,2013,3,"2013-03-05 13:00:00",1.36800006498,0.940826713633
"2379",2379,71,2013,3,"2013-03-06 13:40:00",0.96700004593,1.26964585478
"2380",2380,71,2013,3,"2013-03-13 13:45:00",1.1200000532,1.14651338841
"2381",2381,71,2013,5,"2013-05-16 13:45:00",0.18000000855,0.0840356498393
"2382",2382,71,2013,5,"2013-05-19 12:40:00",0.497000023606,0.311853790032
"2383",2383,71,2013,5,"2013-05-20 13:20:00",0.749000035576,0.466695101529
"2384",2384,71,2014,1,"2014-01-15 13:20:00",0.83900003985,0.703388861242
"2385",2385,71,2014,1,"2014-01-18 13:55:00",1.00450004771,1.15488468505
"2386",2386,71,2014,1,"2014-01-19 13:00:00",1.37500006531,1.27655148833
"2387",2387,71,2014,5,"2014-05-09 13:10:00",0.243000011542,0.268473984093
"2388",2388,71,2014,5,"2014-05-13 12:45:00",0.298000014154,0.226037936004
"2389",2389,71,2014,7,"2014-07-23 12:50:00",0.418000019854,0.284307737311
"2390",2390,71,2014,7,"2014-07-24 13:35:00",0.408000019379,0.421424153819
"2391",2391,71,2014,10,"2014-10-07 13:15:00",0.776000036858,0.436652360039
"2392",2392,71,2014,10,"2014-10-09 13:05:00",1.22650005826,1.08953475135
"2393",2393,71,2014,10,"2014-10-11 12:50:00",1.37500006531,0.882867270682
"2394",2394,71,2014,10,"2014-10-13 12:40:00",1.62900007737,1.08187826822
"2395",2395,71,2014,10,"2014-10-14 13:20:00",1.40700006683,1.28142903863
"2396",2396,71,2014,11,"2014-11-14 12:40:00",0.521000024746,0.438097032719
"2397",2397,71,2014,11,"2014-11-27 13:45:00",0.205000009737,0.172348364063
"2398",2398,71,2014,12,"2014-12-14 12:50:00",0.703000033391,0.49675815276
"2399",2399,71,2014,12,"2014-12-17 13:20:00",0.394000018714,0.313439257002
"2400",2400,71,2014,12,"2014-12-20 13:55:00",0.637000030256,0.630393256605
"2401",2401,71,2014,12,"2014-12-23 12:45:00",1.07700005115,0.937554401968
"2402",2402,71,2014,12,"2014-12-29 13:45:00",0.497000023606,0.623438478379
"2403",2403,71,2015,1,"2015-01-12 14:00:00",0.420000019949,0.456972023518
"2404",2404,71,2015,1,"2015-01-14 13:45:00",0.523000024841,0.640765154558
"2405",2405,71,2015,1,"2015-01-16 13:35:00",0.95900004555,0.643979012864
"2406",2406,71,2015,1,"2015-01-17 12:40:00",0.771000036621,0.584251263625
"2407",2407,71,2015,1,"2015-01-18 13:20:00",0.864500041062,0.559873985448
"2408",2408,71,2015,1,"2015-01-18 13:25:00",1.25100005942,0.694756707469
"2409",2409,71,2015,2,"2015-02-25 12:45:00",0.810000038473,0.516086980262
"2410",2410,71,2015,3,"2015-03-31 12:35:00",1.26250005997,0.942244999715
"2411",2411,71,2015,4,"2015-04-02 14:00:00",0.79100003757,0.900305773803
"2412",2412,71,2015,4,"2015-04-03 13:05:00",1.22800005833,1.24399109586
"2413",2413,71,2015,4,"2015-04-04 13:45:00",0.9390000446,0.837946800133
"2414",2414,71,2015,4,"2015-04-13 13:40:00",0.294000013964,0.336368372631
"2415",2415,71,2015,4,"2015-04-20 13:45:00",0.676000032108,0.74979018019
"2416",2416,71,2015,4,"2015-04-20 13:50:00",0.516000024509,0.74979018019
"2417",2417,71,2015,4,"2015-04-21 12:50:00",1.17000005557,1.10344620425
"2418",2418,71,2015,5,"2015-05-02 12:35:00",0.651000030921,0.643266956058
"2419",2419,71,2015,5,"2015-05-26 13:25:00",0.695000033011,0.401582981874
"2420",2420,71,2015,5,"2015-05-28 13:10:00",0.486000023084,0.364185710421
"2421",2421,71,2015,7,"2015-07-09 13:45:00",0.780000037048,0.537752595198
"2422",2422,71,2015,8,"2015-08-09 13:05:00",0.641000030446,0.675985898476
"2423",2423,71,2015,8,"2015-08-10 13:45:00",0.585000027786,0.538147040912
"2424",2424,71,2015,8,"2015-08-21 13:30:00",0.323000015342,0.182184600981
"2425",2425,71,2015,8,"2015-08-23 13:15:00",0.594000028213,0.533585747584
"2426",2426,71,2015,8,"2015-08-24 14:00:00",0.792000037618,0.769576394687
"2427",2427,71,2015,8,"2015-08-26 13:45:00",1.17100005562,1.12862504106
"2428",2428,71,2015,9,"2015-09-14 12:40:00",0.901000042795,0.715762684039
"2429",2429,71,2016,1,"2016-01-10 13:40:00",0.411000019521,0.43030595154
"2430",2430,71,2016,2,"2016-02-06 13:20:00",0.726000034483,0.56595006798
"2431",2431,71,2016,2,"2016-02-09 13:50:00",0.379000018002,0.337132736923
"2432",2432,71,2016,2,"2016-02-09 13:55:00",0.396000018809,0.337132736923
"2433",2433,71,2016,2,"2016-02-12 12:45:00",0.921500043769,0.708211453401
"2434",2434,71,2016,2,"2016-02-14 12:35:00",0.966000045883,0.833309291878
"2435",2435,71,2016,2,"2016-02-29 13:30:00",0.446000021184,0.400134358251
"2436",2436,71,2016,5,"2016-05-16 13:00:00",0.426000020234,0.446627146666
"2437",2437,71,2016,6,"2016-06-13 13:20:00",0.396500018833,0.272217748419
"2438",2438,71,2016,8,"2016-08-08 12:30:00",0.163000007742,0.165438228953
"2439",2439,71,2016,8,"2016-08-08 12:35:00",0.161000007647,0.146248400966
"2440",2440,71,2016,11,"2016-11-23 13:50:00",0.279000013252,0.714167927839
"2441",2441,71,2016,11,"2016-11-27 13:25:00",0.242000011494,0.245933274266
"2442",2442,71,2016,11,"2016-11-27 13:30:00",0.258000012254,0.245933274266
"2443",2443,71,2016,11,"2016-11-28 12:30:00",0.446000021184,0.284584737697
"2444",2444,71,2016,11,"2016-11-28 12:35:00",0.347000016482,0.316060925654
"2445",2445,71,2016,12,"2016-12-01 13:05:00",0.322000015294,0.303829168909
"2446",2446,71,2016,12,"2016-12-02 13:45:00",0.351000016672,0.269154360261
"2447",2447,71,2016,12,"2016-12-08 13:10:00",0.474000022514,0.332474039165
"2448",2448,71,2016,12,"2016-12-09 13:50:00",0.680000032298,0.895893547704
"2449",2449,71,2016,12,"2016-12-10 12:55:00",1.09000005177,1.41526403285
"2450",2450,72,2012,1,"2012-01-16 12:40:00",0.143000006792,0.166549779796
"2451",2451,72,2012,1,"2012-01-21 13:00:00",0.130000006175,0.173556894907
"2452",2452,72,2012,1,"2012-01-22 13:45:00",0.121000005747,0.226873991449
"2453",2453,72,2012,2,"2012-02-06 13:00:00",0.131000006222,0.164102243834
"2454",2454,72,2012,2,"2012-02-07 13:45:00",0.352000016719,0.317773951005
"2455",2455,72,2012,2,"2012-02-08 12:50:00",0.195000009262,0.221857780281
"2456",2456,72,2012,2,"2012-02-13 13:05:00",0.01200000057,0.0813810728413
"2457",2457,72,2012,2,"2012-02-15 12:55:00",0.0790000037523,0.102741563021
"2458",2458,72,2012,2,"2012-02-16 13:40:00",0.185000008787,0.0728823279002
"2459",2459,72,2012,2,"2012-02-23 13:45:00",0.11600000551,0.0642035747188
"2460",2460,72,2012,2,"2012-02-24 12:50:00",0.10800000513,0.0558857303818
"2461",2461,72,2012,2,"2012-02-25 13:30:00",0.0890000042273,0.117635838692
"2462",2462,72,2012,2,"2012-02-27 13:20:00",0.149000007077,0.103566734821
"2463",2463,72,2012,2,"2012-02-29 13:05:00",0.0970000046073,0.0921932171267
"2464",2464,72,2012,3,"2012-03-02 12:55:00",0.0950000045123,0.0931397917145
"2465",2465,72,2012,3,"2012-03-07 13:15:00",0.106000005035,0.0527837342588
"2466",2466,72,2012,3,"2012-03-17 13:50:00",0.173000008217,0.121802115351
"2467",2467,72,2012,3,"2012-03-19 13:40:00",0.204000009689,0.137309828074
"2468",2468,72,2012,3,"2012-03-22 12:30:00",0.155000007362,0.165374661265
"2469",2469,72,2012,3,"2012-03-23 13:15:00",0.394000018714,0.261248145885
"2470",2470,72,2012,3,"2012-03-27 12:50:00",0.91900004365,0.596848609816
"2471",2471,72,2012,4,"2012-04-02 13:50:00",0.300000014249,0.208052402239
"2472",2472,72,2012,4,"2012-04-03 12:55:00",0.336000015959,0.306471479505
"2473",2473,72,2012,4,"2012-04-04 13:40:00",0.179000008502,0.131041163291
"2474",2474,72,2012,4,"2012-04-05 12:45:00",0.206500009808,0.11125880684
"2475",2475,72,2012,4,"2012-04-06 13:25:00",0.0730000034673,0.105405261267
"2476",2476,72,2012,4,"2012-04-07 12:30:00",0.0780000037048,0.0647782638697
"2477",2477,72,2012,4,"2012-04-08 13:15:00",0.169500008051,0.155285132487
"2478",2478,72,2012,4,"2012-04-12 12:50:00",0.120500005723,0.0926955277142
"2479",2479,72,2012,4,"2012-04-14 12:35:00",0.117500005581,0.0900215320221
"2480",2480,72,2012,4,"2012-04-18 13:50:00",0.147000006982,0.260625401434
"2481",2481,72,2012,4,"2012-04-19 12:55:00",0.226000010734,0.201984895662
"2482",2482,72,2012,4,"2012-04-20 13:40:00",0.15200000722,0.148359899595
"2483",2483,72,2012,4,"2012-04-23 12:30:00",0.146000006935,0.156181723188
"2484",2484,72,2012,4,"2012-04-24 13:15:00",0.152500007243,0.13479825782
"2485",2485,72,2012,4,"2012-04-28 12:50:00",0.224000010639,0.144286583773
"2486",2486,72,2012,4,"2012-04-29 13:30:00",0.123000005842,0.133524557171
"2487",2487,72,2012,4,"2012-04-30 12:35:00",0.13600000646,0.110551630798
"2488",2488,72,2012,5,"2012-05-01 13:20:00",0.126000005985,0.131056484919
"2489",2489,72,2012,5,"2012-05-21 12:55:00",0.54550002591,0.305738169528
"2490",2490,72,2012,5,"2012-05-31 13:30:00",0.186500008858,0.158763592299
"2491",2491,72,2012,6,"2012-06-01 12:35:00",0.175000008312,0.125739967421
"2492",2492,72,2012,6,"2012-06-10 12:30:00",0.293000013917,0.181228896663
"2493",2493,72,2012,6,"2012-06-14 13:45:00",0.269000012777,0.204896876736
"2494",2494,72,2012,6,"2012-06-22 12:55:00",0.330000015674,0.174344104385
"2495",2495,72,2012,6,"2012-06-24 12:45:00",0.238000011304,0.188270324813
"2496",2496,72,2012,6,"2012-06-25 13:25:00",0.207000009832,0.198301984142
"2497",2497,72,2012,6,"2012-06-26 12:30:00",0.189500009001,0.147988788863
"2498",2498,72,2012,6,"2012-06-27 13:15:00",0.16400000779,0.0981482890274
"2499",2499,72,2012,7,"2012-07-11 13:25:00",0.118000005605,0.0959184247002
"2500",2500,72,2012,7,"2012-07-13 13:15:00",0.113000005367,0.0789115054336
"2501",2501,72,2012,7,"2012-07-16 13:45:00",0.231000010972,0.172436788394
"2502",2502,72,2012,7,"2012-07-19 12:35:00",0.15600000741,0.102283373666
"2503",2503,72,2012,7,"2012-07-25 13:40:00",0.165000007837,0.0814826590242
"2504",2504,72,2012,7,"2012-07-26 12:45:00",0.364500017313,0.190422777412
"2505",2505,72,2012,7,"2012-07-27 13:25:00",0.121000005747,0.0970192253466
"2506",2506,72,2012,8,"2012-08-07 13:05:00",0.242000011494,0.130604304463
"2507",2507,72,2012,8,"2012-08-10 13:35:00",0.250000011874,0.152308454845
"2508",2508,72,2012,8,"2012-08-10 13:40:00",0.256500012183,0.152308454845
"2509",2509,72,2012,8,"2012-08-12 13:25:00",0.311000014772,0.275133123108
"2510",2510,72,2012,8,"2012-08-13 12:30:00",0.275000013062,0.221230933452
"2511",2511,72,2012,8,"2012-08-14 13:15:00",0.231000010972,0.137940162178
"2512",2512,72,2012,8,"2012-08-19 13:30:00",0.486000023084,0.2054018092
"2513",2513,72,2012,8,"2012-08-21 13:20:00",0.130000006175,0.150203216651
"2514",2514,72,2012,8,"2012-08-28 13:25:00",0.127000006032,0.103030467326
"2515",2515,72,2012,9,"2012-09-09 13:50:00",0.0780000037048,0.0790303667322
"2516",2516,72,2012,9,"2012-09-17 13:00:00",0.415000019711,0.128968697387
"2517",2517,72,2012,9,"2012-09-18 13:45:00",0.190000009025,0.105848526226
"2518",2518,72,2012,9,"2012-09-19 12:50:00",0.34550001641,0.140921909674
"2519",2519,72,2012,10,"2012-10-14 12:40:00",0.432000020519,0.328344042712
"2520",2520,72,2012,10,"2012-10-14 12:45:00",0.543000025791,0.328344042712
"2521",2521,72,2012,10,"2012-10-19 13:00:00",0.333000015817,0.357804851845
"2522",2522,72,2012,10,"2012-10-20 13:45:00",0.272000012919,0.14482324032
"2523",2523,72,2012,11,"2012-11-01 12:30:00",0.210000009974,0.135504175525
"2524",2524,72,2012,11,"2012-11-04 13:00:00",0.125500005961,0.0909131817555
"2525",2525,72,2012,11,"2012-11-05 13:45:00",0.14000000665,0.0757070309284
"2526",2526,72,2012,11,"2012-11-06 12:50:00",0.0980000046548,0.074999858213
"2527",2527,72,2012,11,"2012-11-07 13:30:00",0.198000009404,0.14900720415
"2528",2528,72,2012,11,"2012-11-08 12:35:00",0.142000006745,0.132877150283
"2529",2529,72,2012,11,"2012-11-09 13:20:00",0.149000007077,0.12103976109
"2530",2530,72,2012,11,"2012-11-11 13:05:00",0.189000008977,0.0871005938821
"2531",2531,72,2012,11,"2012-11-18 13:15:00",0.208000009879,0.11828551568
"2532",2532,72,2012,11,"2012-11-20 13:00:00",0.182000008645,0.120680992501
"2533",2533,72,2012,11,"2012-11-22 12:50:00",0.0800000037998,0.0853334638772
"2534",2534,72,2012,11,"2012-11-25 13:20:00",0.176500008383,0.096477924734
"2535",2535,72,2012,11,"2012-11-29 12:55:00",0.196500009333,0.11007178785
"2536",2536,72,2012,11,"2012-11-30 13:35:00",0.10400000494,0.077425487104
"2537",2537,72,2012,11,"2012-11-30 13:40:00",0.126500006008,0.077425487104
"2538",2538,72,2012,12,"2012-12-01 12:40:00",0.130500006198,0.159307457648
"2539",2539,72,2012,12,"2012-12-03 12:30:00",0.186000008835,0.134762776446
"2540",2540,72,2012,12,"2012-12-08 12:50:00",0.177000008407,0.248613966567
"2541",2541,72,2012,12,"2012-12-09 13:30:00",0.255000012112,0.1736594231
"2542",2542,72,2012,12,"2012-12-10 12:35:00",0.226000010734,0.131097501199
"2543",2543,72,2012,12,"2012-12-11 13:20:00",0.182000008645,0.124819299099
"2544",2544,72,2012,12,"2012-12-16 13:40:00",0.209000009927,0.0987164554428
"2545",2545,72,2012,12,"2012-12-17 12:45:00",0.0370000017574,0.0658064333605
"2546",2546,72,2013,1,"2013-01-02 12:45:00",0.315500014985,0.214992752147
"2547",2547,72,2013,1,"2013-01-12 13:20:00",0.213000010117,0.212841941349
"2548",2548,72,2013,1,"2013-01-14 13:05:00",0.459000021801,0.507647801452
"2549",2549,72,2013,1,"2013-01-15 13:50:00",0.273000012967,0.214114193904
"2550",2550,72,2013,1,"2013-01-23 13:00:00",0.109000005177,0.102476332321
"2551",2551,72,2013,1,"2013-01-24 13:45:00",0.149500007101,0.138394499346
"2552",2552,72,2013,1,"2013-01-26 13:30:00",0.216000010259,0.193148139311
"2553",2553,72,2013,1,"2013-01-31 13:50:00",0.195500009286,0.134978316666
"2554",2554,72,2013,2,"2013-02-06 13:15:00",0.147000006982,0.0839018473084
"2555",2555,72,2013,2,"2013-02-08 13:00:00",0.190000009025,0.159781765803
"2556",2556,72,2013,2,"2013-02-09 13:45:00",0.249000011827,0.212672766316
"2557",2557,72,2013,2,"2013-02-12 12:35:00",0.117000005557,0.0912489181234
"2558",2558,72,2013,2,"2013-02-27 13:30:00",0.185000008787,0.116675024743
"2559",2559,72,2013,2,"2013-02-28 12:35:00",0.109000005177,0.0785622352082
"2560",2560,72,2013,3,"2013-03-01 13:20:00",0.0740000035148,0.0598490000488
"2561",2561,72,2013,3,"2013-03-06 13:40:00",0.336000015959,0.267749353395
"2562",2562,72,2013,3,"2013-03-08 13:25:00",0.356000016909,0.339817464792
"2563",2563,72,2013,3,"2013-03-09 12:30:00",0.507000024081,0.471796173545
"2564",2564,72,2013,3,"2013-03-10 13:15:00",0.793000037665,0.792613167944
"2565",2565,72,2013,3,"2013-03-12 13:00:00",0.286000013584,0.287632388417
"2566",2566,72,2013,3,"2013-03-13 13:45:00",0.415000019711,0.419636280919
"2567",2567,72,2013,3,"2013-03-14 12:50:00",0.151500007196,0.124518010635
"2568",2568,72,2013,3,"2013-03-17 13:20:00",0.246000011684,0.226673489906
"2569",2569,72,2013,3,"2013-03-19 13:10:00",0.518500024627,0.427740413328
"2570",2570,72,2013,3,"2013-03-20 13:50:00",0.353000016767,0.396050055108
"2571",2571,72,2013,3,"2013-03-21 12:55:00",0.456000021659,0.444349136955
"2572",2572,72,2013,3,"2013-03-22 13:40:00",0.13200000627,0.102320352849
"2573",2573,72,2013,3,"2013-03-23 12:45:00",0.0870000041323,0.0498471634053
"2574",2574,72,2013,3,"2013-03-24 13:25:00",0.347500016505,0.398743501806
"2575",2575,72,2013,3,"2013-03-25 12:30:00",0.193000009167,0.352196945578
"2576",2576,72,2013,3,"2013-03-26 13:15:00",0.287000013632,0.199593258382
"2577",2577,72,2013,3,"2013-03-28 13:00:00",0.215000010212,0.110657744615
"2578",2578,72,2013,3,"2013-03-29 13:45:00",0.411000019521,0.306311620045
"2579",2579,72,2013,3,"2013-03-30 12:50:00",0.178500008478,0.136469420513
"2580",2580,72,2013,3,"2013-03-31 13:30:00",0.407000019331,0.241954745394
"2581",2581,72,2013,4,"2013-04-06 12:55:00",0.492000023369,0.485128662666
"2582",2582,72,2013,4,"2013-04-07 13:40:00",0.749000035576,0.66413046577
"2583",2583,72,2013,4,"2013-04-16 13:30:00",0.275000013062,0.240699020195
"2584",2584,72,2013,4,"2013-04-16 13:35:00",0.250000011874,0.240699020195
"2585",2585,72,2013,4,"2013-04-17 12:35:00",0.167000007932,0.240427473208
"2586",2586,72,2013,4,"2013-04-17 12:40:00",0.218500010378,0.240427473208
"2587",2587,72,2013,4,"2013-04-20 13:10:00",0.222000010544,0.127062907513
"2588",2588,72,2013,4,"2013-04-22 12:55:00",0.15200000722,0.0693670295294
"2589",2589,72,2013,4,"2013-04-24 12:45:00",0.165500007861,0.111284301544
"2590",2590,72,2013,4,"2013-04-25 13:25:00",0.12800000608,0.11786629426
"2591",2591,72,2013,4,"2013-04-27 13:15:00",0.610000028973,0.180124372097
"2592",2592,72,2013,4,"2013-04-29 13:00:00",0.174500008288,0.122278006003
"2593",2593,72,2013,4,"2013-04-30 13:45:00",0.122000005795,0.0790510892221
"2594",2594,72,2013,5,"2013-05-06 13:10:00",0.166000007885,0.0856140007223
"2595",2595,72,2013,5,"2013-05-07 13:50:00",0.173000008217,0.0848097244531
"2596",2596,72,2013,5,"2013-05-09 13:40:00",0.230000010924,0.174146360241
"2597",2597,72,2013,5,"2013-05-10 12:45:00",0.372000017669,0.202044412937
"2598",2598,72,2013,5,"2013-05-12 12:30:00",0.350000016624,0.195429135756
"2599",2599,72,2013,5,"2013-05-13 13:15:00",0.41350001964,0.158665151205
"2600",2600,72,2013,5,"2013-05-15 13:00:00",0.562000026694,0.30645168415
"2601",2601,72,2013,5,"2013-05-17 12:50:00",0.346000016434,0.198214868928
"2602",2602,72,2013,5,"2013-05-19 12:35:00",0.284000013489,0.127673051346
"2603",2603,72,2013,5,"2013-05-20 13:20:00",0.126000005985,0.13545450832
"2604",2604,72,2013,5,"2013-05-22 13:10:00",0.247000011732,0.207113326855
"2605",2605,72,2013,5,"2013-05-23 13:50:00",0.490000023274,0.222112344228
"2606",2606,72,2013,5,"2013-05-24 12:55:00",0.420000019949,0.17715221123
"2607",2607,72,2013,5,"2013-05-26 12:45:00",0.345000016387,0.126491916404
"2608",2608,72,2013,5,"2013-05-27 13:25:00",0.11200000532,0.0956219737256
"2609",2609,72,2013,5,"2013-05-28 12:30:00",0.195000009262,0.144114116385
"2610",2610,72,2013,5,"2013-05-29 13:15:00",0.319000015152,0.20734027524
"2611",2611,72,2013,6,"2013-06-03 13:30:00",0.0870000041323,0.0571738881962
"2612",2612,72,2014,2,"2014-02-08 12:30:00",0.221000010497,0.291974550245
"2613",2613,72,2014,2,"2014-02-13 12:50:00",0.312000014819,0.287188554013
"2614",2614,72,2014,2,"2014-02-15 12:35:00",0.300000014249,0.28486906623
"2615",2615,72,2014,2,"2014-02-16 13:20:00",0.201000009547,0.260690250432
"2616",2616,72,2014,2,"2014-02-18 13:10:00",0.159500007576,0.25586570618
"2617",2617,72,2014,2,"2014-02-23 13:25:00",0.226000010734,0.230051284791
"2618",2618,72,2014,2,"2014-02-25 13:15:00",0.0970000046073,0.107787369983
"2619",2619,72,2014,2,"2014-02-27 13:00:00",0.167000007932,0.166990880443
"2620",2620,72,2014,2,"2014-02-28 13:45:00",0.106000005035,0.0534008730979
"2621",2621,72,2014,3,"2014-03-01 12:50:00",0.141000006697,0.189732504008
"2622",2622,72,2014,3,"2014-03-02 13:30:00",0.245000011637,0.26249463032
"2623",2623,72,2014,3,"2014-03-03 12:35:00",0.125000005937,0.152936531007
"2624",2624,72,2014,3,"2014-03-04 13:20:00",0.256000012159,0.295547634792
"2625",2625,72,2014,3,"2014-03-06 13:05:00",0.278000013204,0.462425501456
"2626",2626,72,2014,3,"2014-03-06 13:10:00",0.346000016434,0.462425501456
"2627",2627,72,2014,3,"2014-03-07 13:50:00",0.467000022181,0.49702965146
"2628",2628,72,2014,3,"2014-03-08 12:55:00",0.275000013062,0.318916000751
"2629",2629,72,2014,3,"2014-03-09 13:40:00",0.268000012729,0.259133700648
"2630",2630,72,2014,3,"2014-03-10 12:45:00",0.474000022514,0.361270243257
"2631",2631,72,2014,3,"2014-03-11 13:25:00",0.299000014202,0.280350249849
"2632",2632,72,2014,3,"2014-03-12 12:30:00",0.190000009025,0.175747496762
"2633",2633,72,2014,3,"2014-03-13 13:15:00",0.159500007576,0.146819570431
"2634",2634,72,2014,3,"2014-03-15 13:00:00",0.183000008692,0.240158839417
"2635",2635,72,2014,3,"2014-03-16 13:45:00",0.302000014344,0.207375150626
"2636",2636,72,2014,3,"2014-03-18 13:30:00",0.249000011827,0.172171093699
"2637",2637,72,2014,3,"2014-03-19 12:35:00",0.245000011637,0.378898892695
"2638",2638,72,2014,3,"2014-03-20 13:20:00",0.476000022609,0.557840380624
"2639",2639,72,2014,3,"2014-03-24 12:55:00",0.201000009547,0.228788392206
"2640",2640,72,2014,3,"2014-03-25 13:40:00",0.216000010259,0.154113540218
"2641",2641,72,2014,3,"2014-03-26 12:45:00",0.0790000037523,0.101163064786
"2642",2642,72,2014,3,"2014-03-27 13:25:00",0.194000009215,0.126812042286
"2643",2643,72,2014,3,"2014-03-28 12:30:00",0.0890000042273,0.0949477136211
"2644",2644,72,2014,3,"2014-03-29 13:15:00",0.345000016387,0.16428234907
"2645",2645,72,2014,3,"2014-03-31 13:00:00",0.417000019806,0.322715650174
"2646",2646,72,2014,4,"2014-04-01 13:45:00",0.566000026884,0.453962812306
"2647",2647,72,2014,4,"2014-04-02 12:50:00",0.512000024319,0.186214236598
"2648",2648,72,2014,4,"2014-04-03 13:30:00",0.0990000047022,0.053007793343
"2649",2649,72,2014,4,"2014-04-03 13:35:00",0.121000005747,0.053007793343
"2650",2650,72,2014,4,"2014-04-04 12:35:00",0.105000004987,0.104268005619
"2651",2651,72,2014,4,"2014-04-05 13:20:00",0.311500014795,0.299353255652
"2652",2652,72,2014,4,"2014-04-09 12:55:00",0.300000014249,0.199494102071
"2653",2653,72,2014,4,"2014-04-10 13:40:00",0.247000011732,0.195821949724
"2654",2654,72,2014,4,"2014-04-11 12:45:00",0.364500017313,0.250551354593
"2655",2655,72,2014,4,"2014-04-12 13:25:00",0.248500011803,0.341073409495
"2656",2656,72,2014,4,"2014-04-13 12:30:00",0.314000014914,0.517912441545
"2657",2657,72,2014,4,"2014-04-14 13:15:00",0.106000005035,0.143732489167
"2658",2658,72,2014,4,"2014-04-16 13:00:00",0.381000018097,0.406101468281
"2659",2659,72,2014,4,"2014-04-17 13:45:00",0.367000017432,0.392828190186
"2660",2660,72,2014,4,"2014-04-18 12:50:00",0.269000012777,0.260311082361
"2661",2661,72,2014,4,"2014-04-19 13:30:00",0.361000017147,0.472313550553
"2662",2662,72,2014,4,"2014-04-20 12:35:00",0.480500022823,0.537173394011
"2663",2663,72,2014,4,"2014-04-21 13:20:00",0.342000016244,0.423004085051
"2664",2664,72,2014,4,"2014-04-23 13:10:00",0.146500006958,0.141877118356
"2665",2665,72,2014,4,"2014-04-24 13:50:00",0.190500009048,0.193436555352
"2666",2666,72,2014,4,"2014-04-25 12:55:00",0.348000016529,0.294793624242
"2667",2667,72,2014,4,"2014-04-26 13:40:00",0.392000018619,0.447789122489
"2668",2668,72,2014,4,"2014-04-27 12:45:00",0.280000013299,0.234631584545
"2669",2669,72,2014,5,"2014-05-03 13:45:00",0.14800000703,0.0630343386167
"2670",2670,72,2014,5,"2014-05-04 12:50:00",0.142000006745,0.0877326042332
"2671",2671,72,2014,5,"2014-05-05 13:30:00",0.131000006222,0.10771553807
"2672",2672,72,2014,11,"2014-11-01 13:05:00",0.107000005082,0.102534922585
"2673",2673,72,2014,11,"2014-11-01 13:10:00",0.158000007505,0.102534922585
"2674",2674,72,2014,11,"2014-11-06 13:25:00",0.268000012729,0.172693156633
"2675",2675,72,2014,11,"2014-11-08 13:15:00",0.229000010877,0.156550119756
"2676",2676,72,2014,11,"2014-11-12 12:50:00",0.217500010331,0.183100839971
"2677",2677,72,2014,11,"2014-11-13 13:30:00",0.210500009998,0.143561816748
"2678",2678,72,2014,11,"2014-11-23 12:30:00",0.13200000627,0.103819960883
"2679",2679,72,2014,11,"2014-11-27 13:45:00",0.149000007077,0.108698371808
"2680",2680,74,2012,3,"2012-03-14 13:20:00",0.678000032203,1.14293783332
"2681",2681,74,2012,3,"2012-03-15 14:05:00",0.386000018334,0.529008124451
"2682",2682,74,2012,3,"2012-03-16 13:10:00",0.743000035291,0.843899035741
"2683",2683,74,2012,3,"2012-03-18 12:55:00",1.29000006127,1.33056360944
"2684",2684,74,2012,3,"2012-03-18 13:00:00",1.31700006255,1.33056360944
"2685",2685,74,2012,3,"2012-03-19 13:40:00",0.777500036929,0.950920030648
"2686",2686,74,2012,3,"2012-03-20 12:45:00",1.51900007215,1.48856085451
"2687",2687,74,2012,3,"2012-03-21 13:30:00",1.4000000665,1.95725400346
"2688",2688,74,2012,3,"2012-03-23 13:15:00",1.67350007949,1.95451118083
"2689",2689,74,2012,4,"2012-04-04 13:40:00",2.2695001078,2.92479850509
"2690",2690,74,2013,3,"2013-03-14 12:50:00",0.90300004289,0.951375009983
"2691",2691,74,2013,3,"2013-03-17 13:20:00",0.453000021516,0.721144014282
"2692",2692,74,2013,3,"2013-03-17 13:25:00",0.570000027074,0.721144014282
"2693",2693,74,2013,3,"2013-03-19 13:10:00",0.82300003909,1.00511988868
"2694",2694,74,2013,3,"2013-03-20 13:55:00",0.81100003852,1.05415425813
"2695",2695,74,2013,3,"2013-03-23 12:45:00",0.539000025601,0.423028068896
"2696",2696,74,2013,3,"2013-03-26 13:15:00",1.82400008664,2.93456671355
"2697",2697,74,2013,3,"2013-03-29 13:45:00",1.02400004864,1.34927239135
"2698",2698,74,2013,3,"2013-03-30 12:50:00",1.7370000825,1.61621865967
"2699",2699,74,2014,3,"2014-03-05 14:05:00",0.800000037998,1.07505972468
"2700",2700,74,2014,3,"2014-03-06 13:10:00",1.02300004859,1.00554741257
"2701",2701,74,2014,3,"2014-03-07 13:55:00",0.960000045598,1.32317911219
"2702",2702,74,2014,3,"2014-03-08 13:00:00",1.1200000532,1.00697328691
"2703",2703,74,2014,3,"2014-03-09 13:40:00",1.02500004868,1.39071007243
"2704",2704,74,2014,3,"2014-03-11 13:30:00",0.832500039542,1.14654435224
"2705",2705,74,2014,3,"2014-03-13 13:15:00",1.0970000521,1.19420962327
"2706",2706,74,2014,3,"2014-03-18 13:35:00",0.434500020638,0.761835850601
"2707",2707,74,2014,3,"2014-03-24 13:00:00",0.455000021611,0.406739581059
"2708",2708,74,2014,3,"2014-03-25 13:40:00",0.277000013157,0.430967818669
"2709",2709,74,2014,3,"2014-03-27 13:30:00",0.619500029425,0.996518447509
"2710",2710,74,2014,3,"2014-03-29 13:15:00",0.724000034388,1.04265483789
"2711",2711,74,2014,3,"2014-03-30 14:00:00",0.894000042463,1.38214431502
"2712",2712,74,2014,3,"2014-03-31 13:05:00",1.27900006075,1.62820137612
"2713",2713,74,2014,4,"2014-04-01 13:45:00",1.65100007842,2.36613740661
"2714",2714,74,2014,4,"2014-04-02 12:50:00",1.72600008198,2.07648827676
"2715",2715,74,2014,4,"2014-04-03 13:35:00",1.65100007842,2.07536190702
"2716",2716,74,2014,4,"2014-04-05 13:25:00",0.932000044268,0.956453363795
"2717",2717,74,2014,4,"2014-04-06 14:05:00",0.519500024675,0.668559051902
"2718",2718,74,2014,4,"2014-04-10 13:40:00",0.372000017669,0.707156543817
"2719",2719,74,2014,4,"2014-04-14 13:15:00",1.48500007053,1.43588307394
"2720",2720,74,2014,4,"2014-04-16 13:05:00",0.940000044648,1.04528146612
"2721",2721,74,2014,4,"2014-04-18 12:50:00",1.15400005481,1.05697099436
"2722",2722,74,2014,4,"2014-04-21 13:25:00",1.15250005474,1.42472428516
"2723",2723,74,2014,4,"2014-04-26 13:40:00",0.338000016054,0.608602661493
"2724",2724,74,2014,4,"2014-04-27 12:45:00",0.789500037499,0.479073848554
"2725",2725,74,2014,5,"2014-05-01 14:00:00",0.560000026599,0.477701625274
"2726",2726,74,2014,5,"2014-05-07 13:25:00",0.355000016862,0.391940751509
"2727",2727,74,2015,3,"2015-03-30 13:30:00",0.444500021113,0.55943902488
"2728",2728,74,2015,4,"2015-04-04 13:45:00",0.251500011946,0.385822444688
"2729",2729,74,2015,4,"2015-04-06 13:35:00",1.61150007654,2.21170945961
"2730",2730,74,2015,4,"2015-04-13 13:40:00",0.0710000033723,0.24736805414
"2731",2731,74,2015,4,"2015-04-14 12:45:00",0.10800000513,0.188850781186
"2732",2732,74,2015,4,"2015-04-15 13:30:00",0.14400000684,0.315269777453
"2733",2733,74,2015,4,"2015-04-16 14:10:00",0.256500012183,0.592106549442
"2734",2734,74,2015,4,"2015-04-19 13:05:00",0.496000023559,0.340061631762
"2735",2735,74,2015,4,"2015-04-20 13:50:00",0.151000007172,0.314234830333
"2736",2736,74,2015,4,"2015-04-28 13:00:00",0.0510000024224,0.136870984454
"2737",2737,74,2015,5,"2015-05-05 13:05:00",0.421000019996,0.424639633924
"2738",2738,74,2015,5,"2015-05-06 13:50:00",0.171000008122,0.33681340186
"2739",2739,74,2015,5,"2015-05-08 13:35:00",0.299000014202,0.524643816698
"2740",2740,74,2015,5,"2015-05-30 13:00:00",0.312000014819,0.30698395918
"2741",2741,74,2015,7,"2015-07-12 12:40:00",0.554000026314,0.437605632218
"2742",2742,74,2015,7,"2015-07-13 13:20:00",0.41750001983,0.438960644293
"2743",2743,74,2015,7,"2015-07-13 13:25:00",0.481000022846,0.438960644293
"2744",2744,74,2015,8,"2015-08-08 14:00:00",0.101000004797,0.108509643945
"2745",2745,74,2015,8,"2015-08-09 13:05:00",0.151000007172,0.166408066378
"2746",2746,74,2015,9,"2015-09-11 13:45:00",0.171000008122,0.175994764271
"2747",2747,74,2016,3,"2016-03-02 13:15:00",0.244000011589,0.371460184417
"2748",2748,74,2016,3,"2016-03-12 13:55:00",0.937000044505,1.01635081964
"2749",2749,74,2016,3,"2016-03-14 13:40:00",0.330500015698,0.819940079268
"2750",2750,74,2016,3,"2016-03-15 12:45:00",1.04800004978,1.02538660346
"2751",2751,74,2016,3,"2016-03-16 13:30:00",0.604000028688,0.877356147636
"2752",2752,74,2016,3,"2016-03-18 13:15:00",0.953000045265,1.17238794786
"2753",2753,74,2016,3,"2016-03-19 14:00:00",1.46300006949,2.04243269762
"2754",2754,74,2016,3,"2016-03-21 13:45:00",0.946000044933,1.27046135618
"2755",2755,74,2016,3,"2016-03-22 12:50:00",1.39400006621,1.40702847161
"2756",2756,74,2016,4,"2016-04-05 13:05:00",1.84750008775,1.99263664785
"2757",2757,74,2016,4,"2016-04-08 13:35:00",1.79200008512,2.40325110722
"2758",2758,74,2016,4,"2016-04-12 13:10:00",1.03400004911,1.08093455545
"2759",2759,74,2016,4,"2016-04-16 12:45:00",0.82300003909,0.867303283524
"2760",2760,74,2016,4,"2016-04-20 14:00:00",0.79900003795,0.907499962862
"2761",2761,74,2016,4,"2016-04-22 13:45:00",0.539000025601,0.752635677467
"2762",2762,74,2016,4,"2016-04-26 13:25:00",0.162000007695,0.377996576695
"2763",2763,74,2016,4,"2016-04-28 13:10:00",0.487000023131,0.62808481573
"2764",2764,74,2016,5,"2016-05-01 13:40:00",0.246000011684,0.511242752549
"2765",2765,74,2016,5,"2016-05-02 12:45:00",0.145000006887,0.20957673877
"2766",2766,74,2016,5,"2016-05-03 13:30:00",0.384000018239,0.550789223827
"2767",2767,74,2016,5,"2016-05-06 14:00:00",0.581000027596,0.720367855321
"2768",2768,74,2016,5,"2016-05-07 13:05:00",0.522500024817,0.519665915136
"2769",2769,74,2016,5,"2016-05-12 13:20:00",0.674500032037,0.871488436521
"2770",2770,74,2016,5,"2016-05-12 13:25:00",0.764000036288,0.871488436521
"2771",2771,74,2016,5,"2016-05-13 14:05:00",0.593000028166,0.6518359416
"2772",2772,74,2016,6,"2016-06-18 13:40:00",0.19600000931,0.0510498551528
"2773",2773,74,2016,6,"2016-06-23 14:00:00",0.241000011447,0.131028426037
